Service Description: Services include emergency food boxes, hot lunch four days a week (Mon, Tue, Wed, and Thu 11:30 am-12:30), thrift store, utility assistance when funding is available for Dyer County residents in need, and School Uniform Program for Dyer County students. Approved applicants can receive emergency food assistance twice a year and utility assistance once a year. Clothing assistance is available for victims of fire (must provide a fire report or Red Cross report to qualify).
Service Eligibility: Residents of Dyer County
Application/Intake Procedure: Call to apply for assistance or walk in.
Service Hours: Sunday closed | Monday closed | Tuesday closed | Wednesday closed | Thursday closed | Friday closed | Saturday closed
Hours: Lunch: Mon, Tue, Wed, Thu 11:30 am - 12:30 pm; Thrift Store Hours: Tues and Thu 9:00 am - 1:00 pm and Wed 9 am - 1 pm; Food boxes are given once every 6 months; both food and utility assistance applications taken Mon - Thu 8:00 am - 9:00 am; utility assistance only once ev ...

731-286-5117
View Website
Get Directions

Fees: No Fee, except for Thrift Store


Area Served: 38007,38024,38025,38030,38047,38059,38070,38259

Agency Phone: 731-286-5117


Description: Services include emergency food boxes, hot lunch four days a week (Mon, Tue, Wed, and Thu 11:30 am-12:30), thrift store, utility assistance when funding is available for Dyer County residents in need, and School Uniform Program for Dyer County students. Approved applicants can receive emergency food assistance twice a year and utility assistance once a year. Clothing assistance is available for victims of fire (must provide a fire report or Red Cross report to qualify).
Full Site Address: 318 W Market Street
   Dyersburg, TN  38024
Service Description: RIFA's mission is to reach out with the love of Christ to help people in need by providing physical and spiritual nourishment. RIFA provides monthly household food assistance as well as a soup kitchen open seven days a week. RIFA serves residents of Madison County. We also may be able to assist with other needs such as clothing vouchers for our thrift store as well as hygiene supplies. RIFA has a thrift store that provides items such as clothing, shoes, household items, and some groceries at a discounted price.
Service Eligibility: Residents of Madison County who are in need
Application/Intake Procedure: Call or walk-in for more information; will do financial assessment to determine eligibility for some services The soup kitchen is no questions asked or documents required
Service Hours: Sunday closed | Monday 9:00AM-4:00PM | Tuesday 8:00AM-4:00PM | Wednesday 8:00AM-4:00PM | Thursday 8:00AM-4:00PM | Friday 8:00AM-4:00PM | Saturday closed
Hours: Administrative Offices Hours: Mon 9:00 am - 4:00 pm Tues - Friday 8:00 am to 4:00 pm Thrift Store hours: Mon - Sat 9:00 am - 5:00 pm (store open to all) Soup Kitchen Hours - Breakfast: Monday-Friday 7:30-9:00am and Saturday 8:30-9:30am Lunch: Monday-Friday 11:30-1:00pm ...

731-427-7963
View Website
Get Directions

Fees: No Fee

Documents Required: Soup kitchen- none Outreach Services- Picture ID for all adults in the household Social Security Cards for everyone in the household Proof of address (lease, utility bill, motel receipt, etc., if client is unhoused this is not required) Proof of household income (paystub, ...
Area Served: 38301,38302,38303,38305,38308,38313,38314,38356,38362,38366,38378,38391,38392,Madison, TN

Agency Phone: 731-427-7963


Description: RIFA's mission is to reach out with the love of Christ to help people in need by providing physical and spiritual nourishment. RIFA provides monthly household food assistance as well as a soup kitchen open seven days a week. RIFA serves residents of Madison County. We also may be able to assist with other needs such as clothing vouchers for our thrift store as well as hygiene supplies. RIFA has a thrift store that provides items such as clothing, shoes, household items, and some groceries at a discounted price.
Full Site Address: 133 Airways Boulevard
   Jackson, TN  38301
Service Description: Programs that acquire food products through donations, canned food drives, food bank programs or direct purchase and distribute the food to people who are in emergency situations. Some pantries deliver food to people whose disabilities or illnesses make it difficult for them to leave home.
Service Eligibility: Residents of Henry County; must meet income eligibility guidelines
Application/Intake Procedure: Call for screening; if eligible, client will be put on list for either Monday, Wednesday or Friday food distribution
Service Hours: Sunday closed | Monday closed | Tuesday closed | Wednesday closed | Thursday closed | Friday closed | Saturday closed


731-642-9359
View Website
Get Directions

Fees: No fee


Area Served: 38222,38223,38224,38231,38236,38242,38251,38256

Agency Phone: 731-642-9359


Description: Based on emergency situation, once every 3 months, the food bank offers a 4-day supply of non-perishable food to families in need in Henry County. Food Bank is located in the Central Community Service Center. Screening in done in the Family Resource Center, Room 26.
Full Site Address: 55 Jones Bend Road Extended
   Paris, TN  38242
Service Description: Provides emergency food assistance for families, emergency disaster relief, fans when available for those in need and utility assistance for people with shutoff notices less than 30 days old when funding is available. Call or email for appointment; requires referral from Arkansas DHS, church or social services agency.
Service Eligibility: Must be referred by Arkansas Department of Human Services, church, or social services agency. Proof of identification needed and intake form must be completed on site. WHEN FUNDING IS AVAILABLE: For utility assistance, must have shutoff notice no more than 30 days old.
Application/Intake Procedure: Call to confirm schedule or walk in for appointment.
Service Hours: Sunday closed | Monday closed | Tuesday closed | Wednesday closed | Thursday closed | Friday closed | Saturday closed


870-735-0870
View Website
Get Directions

Fees: No Fee


Area Served: 72325,72327,72331,72332,72339,72364,72376,72384,72301,72303

Agency Phone: 870-735-0870


Description: Provides emergency food assistance for families, emergency disaster relief, fans when available for those in need and utility assistance for people with shutoff notices less than 30 days old when funding is available. Call or email for appointment; requires referral from Arkansas DHS, church or social services agency.
Full Site Address: 709 E Broadway Avenue
   West Memphis, AR  72301
Service Description: Provides early childhood education and social services for individuals living with HIV and their families. Preschool and daycare services are available for children, 6 weeks - 5 years old, who are affected by HIV and poverty. Social services include a food pantry, crime victims' counseling, rental assistance, individual and group therapy, outreach, medical care linkage and play therapy for clients. All early childhood services and social services may be accessed with a Ryan White card. Free HIV testing is available to the general public.
Service Eligibility: Social Services and Case Management Program: Must be living with HIV and have a Ryan White card. Rental Assistance: Must be living with HIV and have a Ryan White card. Daycare and Preschool: Children ages six weeks to 5 years and diagnosed with HIV or who has a parent, im ...
Application/Intake Procedure: Call about intake form, required medical referral, and verification of medical information; or call or email to access the food pantry or to request free crime victims' counseling.
Service Hours: Sunday closed | Monday closed | Tuesday closed | Wednesday closed | Thursday closed | Friday closed | Saturday closed


901-722-9520
View Website
Get Directions

Fees: No fee


Area Served: 37501,37544,38002,38014,38016,38017,38018,38027,38028,38029,38053,38054,38055,38083,38088,38101,38103,38104,38105,38106,38107,38108,38109,38110,38111,38112,38113,38114,38115,38116,38117,38118,38119,38120,38122,38124,38125,38126,38127,38128,38130,38131,38132,38133,38134,38135,38136,38137,38138,38139,38141,38142,38145,38147,38148,38150,38151,38152,38157,38159,38161,38163,38166,38167,38168,38173,38174,38175,38177,38181,38182,38183,38184,38186,38187,38188,38190,38193,38194,38197

Agency Phone: 901-272-2702


Description: Provides early childhood education and social services for individuals living with HIV and their families. Preschool and daycare services are available for children, 6 weeks - 5 years old, who are affected by HIV and poverty. Social services include a food pantry, crime victims' counseling, rental assistance, individual and group therapy, outreach, medical care linkage and play therapy for clients. All early childhood services and social services may be accessed with a Ryan White card. Free HIV testing is available to the general public.
Full Site Address: 15 Idlewild Street South
   Memphis, TN  38104
Service Description: Provides groceries and clothes on a first-come, first-served basis for needy people who fill out paperwork on distribution days on the third Tuesday of the month from 5:30 pm - 7:00 pm.
Service Eligibility: Any needy person must complete necessary intake form on food distribution days
Application/Intake Procedure: Walk in; must provide a photo ID
Service Hours: Sunday closed | Monday closed | Tuesday closed | Wednesday closed | Thursday closed | Friday closed | Saturday closed
Hours: Third Tuesday of the month from 5:30 pm - 7:00 pm.

901-452-7993
View Website
Get Directions

Fees: No Fee


Area Served: 37501,37544,38002,38014,38016,38017,38018,38027,38028,38029,38053,38054,38055,38083,38088,38101,38103,38104,38105,38106,38107,38108,38109,38110,38111,38112,38113,38114,38115,38116,38117,38118,38119,38120,38122,38124,38125,38126,38127,38128,38130,38131,38132,38133,38134,38135,38136,38137,38138,38139,38141,38142,38145,38147,38148,38150,38151,38152,38157,38159,38161,38163,38166,38167,38168,38173,38174,38175,38177,38181,38182,38183,38184,38186,38187,38188,38190,38193,38194,38197

Agency Phone: 901-452-7993


Description: Provides groceries and clothes on a first-come, first-served basis for needy people who fill out paperwork on distribution days on the third Tuesday of the month from 5:30 pm - 7:00 pm.
Full Site Address: 1435 Wells Station Road
   Memphis, TN  38108
Service Description: Programs that acquire food products through donations, canned food drives, food bank programs or direct purchase and distribute the food to people who are in emergency situations. Some pantries deliver food to people whose disabilities or illnesses make it difficult for them to leave home.
Service Eligibility: Residents of Desoto County, MS; must present photo identification, proof of address and social security cards for all household members
Application/Intake Procedure: Walk in to apply during food pantry opening hours; MUST PROVIDE SOCIAL SECURITY CARD FOR ALL HOUSEHOLD MEMBERS AND PROOF OF RESIDENCY IN DESOTO COUNTY; Thrift store is open to the public
Service Hours: Sunday closed | Monday closed | Tuesday closed | Wednesday closed | Thursday closed | Friday closed | Saturday closed


662-895-2913
View Website
Get Directions

Fees: No Fee for eligible food pantry participants; thrift store prices vary


Area Served: 38632,38637,38641,38651,38654,38671,38672,38680,38686

Agency Phone: 662-895-2913


Description: Provides emergency food for Desoto County, MS, families in need (clients can come monthly to the food pantry) and a thrift store with donated items to sell at low cost. Partner agency of the Mid-South Food Bank.
Full Site Address: 10947 Hwy 178
   Olive Branch, MS  38654
Service Description: Hours of food pantry are first and third Thursday 10:00 am - Noon. Partner agency of Mid-South Food Bank. Also provides free soup kitchen meal for anyone in need every Tuesday and Saturday at 4:30 pm.
Service Eligibility: Pantry requires application, photo ID; meals are open to anyone in need
Application/Intake Procedure: Call or walk in for details on food pantry eligibility; Hours of food pantry are first and third Thursday 10:00 am - Noon. Partner agency of Mid-South Food Bank. Also provides free soup kitchen meal for anyone in need every Tuesday and Saturday at 4:30 pm
Service Hours: Sunday closed | Monday closed | Tuesday closed | Wednesday closed | Thursday closed | Friday closed | Saturday closed
Hours: Hours of food pantry are first and third Thursday 10:00 am - Noon. Partner agency of Mid-South Food Bank. Also provides free soup kitchen meal for anyone in need every Tuesday and Saturday at 4:30 pm

901-726-4104
View Website
Get Directions

Fees: No Fee


Area Served: 38103,38104,38105,38106,38108,38109,38111,38112

Agency Phone: 901-726-4104


Description: Provides food pantry for persons in need of food. Clients accessing the food pantry. Hours of food pantry are first and third Thursday 10:00 am - Noon. Partner agency of Mid-South Food Bank. Also provides free soup kitchen meal for anyone in need every Tuesday and Saturday at 4:30 pm
Full Site Address: 1207 Peabody Avenue
   Memphis, TN  38104
Service Description: Food Pantry: Available on the 2nd and 4th Thursdays from 9:30 AM to 12 PM, the pantry is open to residents of any ZIP code or county. Photo identification is required, and assistance is limited to once per month, up to 12 times per year. Free Sunday Breakfast: Served 8 AM to 9 AM and open to anyone. All meals are free, and the church is a partner agency of the Mid-South Food Bank.
Service Eligibility: Food Pantry: Open to anyone with ID. Meals open to anyone no id required for meals.
Application/Intake Procedure: Walk In: Food Pantry: Walk in with ID on the 2nd and 4th Thursdays from 9:30 AM to 12 PM. Open to anyone with ID. Free Sunday Breakfast: Walk in from 8 AM to 9 AM. Open to anyone.
Service Hours: Sunday closed | Monday closed | Tuesday closed | Wednesday closed | Thursday closed | Friday closed | Saturday closed
Hours: Food Pantry: Walk in with ID on the 2nd and 4th Thursdays from 9:30 AM to 12 PM. Open to anyone with ID. Free Sunday Breakfast: Walk in from 8 AM to 9 AM. Open to anyone.

901-452-6262
View Website
Get Directions

Fees: No Fee

Documents Required: Requires photo identification for everyone over 18 in the household and Social Security Number for everyone, including children; also need printed ID with current address on it
Area Served: 38002,38014,38027,38017,38016,38018,38088,38028,38029,38183,38138,38139,38101,38103,38131,38157,38167,38175,38177,38186,38190,38194,38197,37501,37544,38173,38104,38105,38106,38107,38108,38109,38110,38111,38112,38113,38114,38115,38116,38117,38118,38119,38120,38122,38124,38125,38126,38127,38128,38130,38132,38133,38134,38135,38136,38137,38141,38142,38145,38148,38168,38174,38181,38182,38184,38187,38188,38151,38193,38166,38150,38159,38147,38152,38161,38083,38054,38055,38053,38163

Agency Phone: 901-452-6262


Description: Food Pantry: Available on the 2nd and 4th Thursdays from 9:30 AM to 12 PM, the pantry is open to residents of any ZIP code or county. Photo identification is required, and assistance is limited to once per month, up to 12 times per year. Free Sunday Breakfast: Served 8 AM to 9 AM and open to anyone. All meals are free, and the church is a partner agency of the Mid-South Food Bank.
Full Site Address: 480 S Highland Street
   Memphis, TN  38111
Service Description: Programs that acquire food products through donations, canned food drives, food bank programs or direct purchase and distribute the food to people who are in emergency situations. Some pantries deliver food to people whose disabilities or illnesses make it difficult for them to leave home.
Service Eligibility: Walk in for meals or sack lunch: drive in or walk in during pantry hours for food to take away: each family or person needs to bring an ID for the food pantry.
Application/Intake Procedure: Walk in for meals or sack lunch; drive in or walk in during pantry hours for food to take away; each family or person needs to bring an ID for the food pantry
Service Hours: Sunday closed | Monday closed | Tuesday closed | Wednesday closed | Thursday closed | Friday closed | Saturday closed


901-527-2542
View Website
Get Directions

Fees: No Fee


Area Served: 38002,38014,38027,38017,38016,38018,38088,38028,38029,38183,38138,38139,38101,38103,38131,38157,38167,38175,38177,38186,38190,38194,38197,37501,37544,38173,38104,38105,38106,38107,38108,38109,38110,38111,38112,38113,38114,38115,38116,38117,38118,38119,38120,38122,38124,38125,38126,38127,38128,38130,38132,38133,38134,38135,38136,38137,38141,38142,38145,38148,38168,38174,38181,38182,38184,38187,38188,38151,38193,38166,38150,38159,38147,38152,38161,38083,38054,38055,38053,38163

Agency Phone: 901-527-2542


Description: Provides food pantry, a Sunday meal, and sack lunches every Tuesday - Thursday. Pantry is open Tue - Thu 1:00 pm - 2:30 pm and free meals are offered for anyone in need every Sunday from 1:00 pm - 2:00 pm, with sack lunches every Tue - Thu from noon - 3:00 pm. Sunday meals are usually soup and bread or sandwich and a drink every Sunday. Partner Agency of the Mid-South Food Bank.
Full Site Address: 297 S Fourth Street
   Memphis,   38126
Service Description: Provides food pantry, clothing and very limited amounts of utility assistance to eligible Southaven and Horn Lake, MS, residents who meet Entergy's Power to Care program regulations. Rental/housing assistance not available.
Service Eligibility: Southaven and Horn Lake residents only
Application/Intake Procedure: Food Assistance: 1) government issued photo id 2) proof of Horn Lake or Southaven residency (utility bill in your name, lease agreement) 3) proof of income (earned & unearned) including past 30 day pay stubs, social security, unemployment, insurance, Va, retirement, disabili ...
Service Hours: Sunday closed | Monday 10:00AM-2:00PM | Tuesday closed | Wednesday 10:00AM-2:00PM | Thursday closed | Friday closed | Saturday closed
Hours: Open 10am to 2:00pm on Monday & Wednesday only. Clients must be signed in by 1:30pm

662-393-6439
View Website
Get Directions

Fees: No Fee
Payment Method: 0
Documents Required: Food Assistance: 1) government issued photo id 2) proof of Horn Lake or Southaven residency (utility bill in your name, lease agreement) 3) proof of income (earned & unearned) including past 30 day pay stubs, social security, unemployment, insurance, Va, retirement, disabili ...
Area Served: 38637,38671,38672,38651

Agency Phone: 662-393-6439


Description: Provides food pantry, clothing and very limited amounts of utility assistance to eligible Southaven and Horn Lake, MS, residents who meet Entergy's Power to Care program regulations. Rental assistance not available.
Full Site Address: 2600 Goodman Road West
   Horn Lake, MS  38637
Service Description: Outreach Service Mission provides Christian-based counseling, emergency food, and referrals to clothing for low income families in Memphis.
Service Eligibility: Low-income families may call for details
Application/Intake Procedure: Call or email to schedule an appointment; requires photo ID and income information (if you have it)
Service Hours: Sunday closed | Monday closed | Tuesday 10:00AM-6:00PM | Wednesday closed | Thursday closed | Friday closed | Saturday closed
Hours: By appointment only, Tue 10:00 am - 6:00 pm

901-458-4357
View Website
Get Directions

Fees: No Fee
Payment Method: No Fee
Documents Required: Photo ID and proof of income
Area Served: 38002,38014,38027,38017,38016,38018,38088,38028,38029,38183,38138,38139,38101,38103,38131,38157,38167,38175,38177,38186,38190,38194,38197,37501,37544,38173,38104,38105,38106,38107,38108,38109,38110,38111,38112,38113,38114,38115,38116,38117,38118,38119,38120,38122,38124,38125,38126,38127,38128,38130,38132,38133,38134,38135,38136,38137,38141,38142,38145,38148,38168,38174,38181,38182,38184,38187,38188,38151,38193,38166,38150,38159,38147,38152,38161,38083,38054,38055,38053,38163

Agency Phone: 901-458-4357


Description: Outreach Service Mission provides Christian-based counseling, emergency food, and referrals to clothing for low income families in Memphis.
Full Site Address: 2400 Poplar Avenue Suite 428
   Memphis,   38112
Service Description: Provides food pantry for eligible Tipton County residents once a month at two locations in Tipton County: 9:00 am - 11:00 am on 1st and 3rd Saturdays of the month at the First United Methodist Church in Covington in the Fellowship Hall; and 9:00 am - 11:00 am on 2nd and 4th Saturdays of each month at the Munford United Methodist Church at 57 South Tipton Street in Munford, TN 38058. Food distribution is limited to one per month per family. Amount of food given is determined by family size. Must bring proof of one of the following to qualify: be recipient of food stamps, TANF, LIHEAP or SSI (retirement or disability); live in public housing, or have a total household income of less than 150% of the US poverty income guidelines. Partner agency of Mid-South Food Bank.
Service Eligibility: Tipton County residents who meet one of the income requirements listed above. Families can only receive one distribution of food per month.
Application/Intake Procedure: Walk in with proof of one of the following: that you are the recipient of food stamps, TANF, LIHEAP or SSI (retirement or disability); live in public housing, or have a total household income of less than 150% of the US poverty income guidelines.
Service Hours: Sunday closed | Monday closed | Tuesday closed | Wednesday closed | Thursday closed | Friday closed | Saturday closed
Hours: Provides food pantry for eligible Tipton County residents once a month at two locations in Tipton County: 9:00 am - 11:00 am on 1st and 3rd Saturdays of the month at the First United Methodist Church in Covington in the Fellowship Hall; and 9:00 am - 11:00 am on 2nd and 4th ...

901-476-9694
View Website
Get Directions

Fees: No Fee


Area Served: 38004,38011,38015,38019,38023,38049,38058,38071

Agency Phone: 901-476-9694


Description: Provides food pantry for eligible Tipton County residents once a month at two locations in Tipton County: 9:00 am - 11:00 am on 1st and 3rd Saturdays of the month at the First United Methodist Church in Covington in the Fellowship Hall; and 9:00 am - 11:00 am on 2nd and 4th Saturdays of each month at the Munford United Methodist Church at 57 South Tipton Street in Munford, TN 38058. Food distribution is limited to one per month per family. Amount of food given is determined by family size. Must bring proof of one of the following to qualify: be recipient of food stamps, TANF, LIHEAP or SSI (retirement or disability); live in public housing, or have a total household income of less than 150% of the US poverty income guidelines. Partner agency of Mid-South Food Bank.
Full Site Address: 145 W Church Avenue
   Covington, TN  38019
Service Description: Provides food pantry for eligible Tipton County residents once a month at two locations in Tipton County: 9:00 am - 11:00 am on 1st and 3rd Saturdays of the month at the First United Methodist Church in Covington in the Fellowship Hall; and 9:00 am - 11:00 am on 2nd and 4th Saturdays of each month at the Munford United Methodist Church at 57 South Tipton Street in Munford, TN 38058. Food distribution is limited to one per month per family. Amount of food given is determined by family size. Must bring proof of one of the following to qualify: be recipient of food stamps, TANF, LIHEAP or SSI (retirement or disability); live in public housing, or have a total household income of less than 150% of the US poverty income guidelines. Partner agency of Mid-South Food Bank.
Service Eligibility: Tipton County residents who meet one of the income requirements listed above. Families can only receive one distribution of food per month.
Application/Intake Procedure: Walk in with proof of one of the following: that you are the recipient of food stamps, TANF, LIHEAP or SSI (retirement or disability); live in public housing, or have a total household income of less than 150% of the US poverty income guidelines.
Service Hours: Sunday closed | Monday closed | Tuesday closed | Wednesday closed | Thursday closed | Friday closed | Saturday closed
Hours: Provides food pantry for eligible Tipton County residents once a month at two locations in Tipton County: 9:00 am - 11:00 am on 1st and 3rd Saturdays of the month at the First United Methodist Church in Covington in the Fellowship Hall; and 9:00 am - 11:00 am on 2nd and 4th ...

901-476-9694
View Website
Get Directions

Fees: No Fee


Area Served: 38004,38011,38015,38019,38023,38049,38058,38071

Agency Phone: 901-476-9694


Description: Provides food pantry for eligible Tipton County residents once a month at two locations in Tipton County: 9:00 am - 11:00 am on 1st and 3rd Saturdays of the month at the First United Methodist Church in Covington in the Fellowship Hall; and 9:00 am - 11:00 am on 2nd and 4th Saturdays of each month at the Munford United Methodist Church at 57 South Tipton Street in Munford, TN 38058. Food distribution is limited to one per month per family. Amount of food given is determined by family size. Must bring proof of one of the following to qualify: be recipient of food stamps, TANF, LIHEAP or SSI (retirement or disability); live in public housing, or have a total household income of less than 150% of the US poverty income guidelines. Partner agency of Mid-South Food Bank.
Full Site Address: 57 S Tipton Street
Munford United Methodist Church  Munford, TN  38058
Service Description: Provides emergency food for Obion County residents in need twice a week on Tuesdays and Thursdays at Calvary Baptist Church in Union City, TN. Partner agency of the Mid-South Food Bank.
Service Eligibility: Residents of Obion County
Application/Intake Procedure: Call for information on who is eligible
Service Hours: Sunday closed | Monday closed | Tuesday 9:00AM-11:00PM | Wednesday closed | Thursday 9:00AM-11:00PM | Friday closed | Saturday closed
Hours: Tue, Thu 9:00 am - 11:00 am

731-885-2961
View Website
Get Directions

Fees: No Fee


Area Served: 38232,38240,38253,38254,38257,38260,38261,38281,38271

Agency Phone: 731-885-2961


Description: Provides emergency food for Obion County residents in need twice a week on Tuesdays and Thursdays at Calvary Baptist Church in Union City, TN. Partner agency of the Mid-South Food Bank.
Full Site Address: 2250 E Reelfoot Ave
   Union City, TN  38261
Service Description: Provides food pantry for residents of Shelby County on the second and third Saturdays of the month (closed the first and last Sat of the month) from 9:00 am - 11:00 am except holidays. Partner agency of Mid-South Food Bank. Spanish speaking staff available with prior notice.
Service Eligibility: Residents of Shelby County
Application/Intake Procedure: Walk in for screening; requires photo ID, proof of income, proof of residence. Spanish speakers please call ahead to request translators
Service Hours: Sunday closed | Monday closed | Tuesday closed | Wednesday closed | Thursday closed | Friday closed | Saturday closed
Hours: Open the second and third Saturdays of the month (closed the first and last Sat of the month) from Saturdays 8:30 am - 11:00 am except holidays


View Website
Get Directions

Fees: No Fee


Area Served: 38122

Agency Phone: 901-323-0896


Description: Provides food pantry for residents of Shelby County on the second and third Saturdays of the month (closed the first and last Sat of the month) from 9:00 am - 11:00 am except holidays. Partner agency of Mid-South Food Bank. Spanish speaking staff available with prior notice.
Full Site Address: 3863 Summer Avenue
Church  Memphis, TN  38122
Service Description: Programs that acquire food products through donations, canned food drives, food bank programs or direct purchase and distribute the food to people who are in emergency situations. Some pantries deliver food to people whose disabilities or illnesses make it difficult for them to leave home.
Service Eligibility: Residents of Southaven and Horn Lake, MS
Application/Intake Procedure: Must show picture ID and proof of income, utilities, residency and all applicable forms of assistance you receive. If applying for first time, must do so by 12:30 pm. People will be interviewed every three months to re-assess their situation.
Service Hours: Sunday closed | Monday closed | Tuesday closed | Wednesday closed | Thursday closed | Friday closed | Saturday closed


662-280-5365
View Website
Get Directions

Fees: No Fee


Area Served: 38637,38671,38672

Agency Phone: 662-280-5365


Description: Provides food pantry for eligible residents of Southaven and Horn Lake, MS, every Tuesday and Thursday, 10:00 am - 1:00 pm.
Full Site Address: 1621 Goodman Road West
   Horn Lake, MS  38637
Service Description: Provides donated clothing, household goods and food pantry, rent, utility, prescription and other emergency assistance for the needy and disaster victims on a case-to-case basis; also provides thrift stores and after-school program; free school supplies and at least two uniforms per child for low income families; summer camp for at-risk youth and Christmas toys for children from families with low incomes.
Service Eligibility: Low income individuals or families in Lauderdale, Lake and Dyer county who are in need
Application/Intake Procedure: Walk in or call for screening interview and documents to bring to apply
Service Hours: Sunday closed | Monday 9:00AM-4:00PM | Tuesday 9:00AM-4:00PM | Wednesday 9:00AM-4:00PM | Thursday 9:00AM-4:00PM | Friday 9:00AM-4:00PM | Saturday 9:00AM-4:00PM
Hours: Mon - Sat 9:00 am - 4:00 pm; Business Offices: Mon, Wed, Fri 9:00 am - 11:00 am

731-285-0726
View Website
Get Directions

Fees: No Fee


Area Served: 38025,38037,38040,38041,38063,38077,38079,38080

Agency Phone: 731-285-0726


Description: Provides donated clothing, household goods and food pantry, rent, utility, prescription and other emergency assistance for the needy and disaster victims on a case-to-case basis; also provides thrift stores and after-school program; free school supplies and at least two uniforms per child for low income families; summer camp for at-risk youth and Christmas toys for children from families with low incomes.
Full Site Address: 327 Cleveland Street
   Ripley, TN  38063
Service Description: Provides USDA commodities food program, rent/mortgage and utility assistance (LIHEAP), food bank and weatherization and minor home repair when funding is available for low income residents of Tipton County. Food bank will provide food for a few days for persons who have lost their EBT (food stamp) card or who have just been qualified for food stamps, or for persons involved in a fire.
Service Eligibility: Low income residents of Tipton County; other eligibility criteria apply. For food bank, requires referral from DHS
Application/Intake Procedure: Call for information or walk in to apply
Service Hours: Sunday closed | Monday closed | Tuesday closed | Wednesday closed | Thursday closed | Friday closed | Saturday closed


901-476-5226
View Website
Get Directions

Fees: No Fee


Area Served: 38004,38011,38015,38019,38023,38049,38058,38071

Agency Phone: 901-476-5226


Description: Provides USDA commodities food program, rent/mortgage and utility assistance (LIHEAP), food bank and weatherization and minor home repair when funding is available for low income residents of Tipton County. Food bank will provide food for a few days for persons who have lost their EBT (food stamp) card or who have just been qualified for food stamps, or for persons involved in a fire.
Full Site Address: 915 Highway 51 South
Central DHRA Office  Covington, TN  38019
Service Description: NOTE: CHECK FACEBOOK PAGE FOR SCHEDULED FOOD DELIVERY GIVEAWAYS. Schedules are subject to change. Please visit the Facebook page for updates and special program information: https://www.facebook.com/FirstCongoFood Monday - Thursday: 11:00 AM - 1:00 PM (Hot Meals/Lunches) Thursday: A bagged lunch may be available to take home on Thursday as the building is closed on Friday, Saturday, and Sunday. . Wednesday: Food Pantry Program available from 11:00 AM - 1:00 PM - Wednesday Food Pantry - Line forms around 9:00 am and is first come first served. All food programs are free and open to anyone in need. No questions asked. Closed Friday - Sunday
Service Eligibility: Anyone
Application/Intake Procedure: Walk in for meals and food pantry items near the rear parking lot off of Blythe Street
Service Hours: Sunday closed | Monday 11:00AM-1:00PM | Tuesday 11:00AM-1:00PM | Wednesday 11:00AM-1:00PM | Thursday 11:00AM-1:00PM | Friday closed | Saturday closed
Hours: NOTE: CHECK FACEBOOK PAGE FOR SCHEDULED FOOD DELIVERY GIVEAWAYS. Schedules are subject to change. Please visit the Facebook page for updates and special program information: https://www.facebook.com/FirstCongoFood Monday - Thursday: 11:00 AM - 1:00 PM (Hot Meals/Lunches) Th ...

901-620-1058
View Website
Get Directions

Fees: No Fee


Area Served: 38002,38014,38027,38017,38016,38018,38088,38028,38029,38183,38138,38139,38101,38103,38131,38157,38167,38175,38177,38186,38190,38194,38197,37501,37544,38173,38104,38105,38106,38107,38108,38109,38110,38111,38112,38113,38114,38115,38116,38117,38118,38119,38120,38122,38124,38125,38126,38127,38128,38130,38132,38133,38134,38135,38136,38137,38141,38142,38145,38148,38168,38174,38181,38182,38184,38187,38188,38151,38193,38166,38150,38159,38147,38152,38161,38083,38054,38055,38053,38163

Agency Phone: 901-278-6786


Description: Monday - Thursday: 11:00 AM - 1:00 PM (Hot Meals/Lunches) Thursday: A bagged lunch may be available to take home on Thursday as the building is closed on Friday, Saturday, and Sunday. . Wednesday: Food Pantry Program available from 11:00 AM - 1:00 PM - Wednesday Food Pantry - Line forms around 9:00 am and is first come first served. All food programs are free and open to anyone in need. No questions asked. Closed Friday - Sunday
Full Site Address: 1000 S Cooper Street
   Memphis, TN  38104
Service Description: Programs that acquire food products through donations, canned food drives, food bank programs or direct purchase and distribute the food to people who are in emergency situations. Some pantries deliver food to people whose disabilities or illnesses make it difficult for them to leave home.
Service Eligibility: Must meet income requirements and reside in certain parts of Horn Lake, in Walls, Lake Cormorant, Western Eudora and immediate surrounding areas
Application/Intake Procedure: Call for assistance; must provide appropriate ID and other documents showing proof of income, etc., as requested
Service Hours: Sunday closed | Monday closed | Tuesday closed | Wednesday closed | Thursday closed | Friday closed | Saturday closed
Hours: Mon, Wed and Fri 9:00 am - Noon and 1:00 pm - 3:30 pm or by appointment; Tue and Thu by appointment only

662-342-3180
View Website
Get Directions

Fees: No Fee


Area Served: 38637,38641,38680,38686

Agency Phone: 662-342-3180


Description: Walls, MS social services is one of six SHSM offices which provides assistance on a case by case basis for low income residents of Walls and Horn Lake, as well as the surrounding communities of Lake Cormorant, Western Eudora and Southaven in Mississippi. Offers emergency financial help with rent/mortgage, homelessness, prescriptions, gas money and utility assistance and other emergency needs. Provides emergency food (in the form of groceries from the food pantry or food vouchers for mobile pantry sites); and clothing, household items and furniture assistance in the form of vouchers to the thrift store (495 E Commerce Street in Hernando); and emergency home repair referrals for low income persons in need.
Full Site Address: 6144 Highway 161 North
   Walls, MS  38680
Service Description: Programs that acquire food products through donations, canned food drives, food bank programs or direct purchase and distribute the food to people who are in emergency situations. Some pantries deliver food to people whose disabilities or illnesses make it difficult for them to leave home.
Service Eligibility: Must meet income requirements and reside in certain parts of Horn Lake, in Walls, Lake Cormorant, Western Eudora and immediate surrounding areas
Application/Intake Procedure: Call for assistance; must provide appropriate ID and other documents showing proof of income, etc., as requested
Service Hours: Sunday closed | Monday closed | Tuesday closed | Wednesday closed | Thursday closed | Friday closed | Saturday closed
Hours: Mon, Wed and Fri 9:00 am - Noon and 1:00 pm - 3:30 pm or by appointment; Tue and Thu by appointment only

662-342-3180
View Website
Get Directions

Fees: No Fee


Area Served: 38637,38641,38680,38686

Agency Phone: 662-342-3180


Description: Walls, MS social services is one of six SHSM offices which provides assistance on a case by case basis for low income residents of Walls and Horn Lake, as well as the surrounding communities of Lake Cormorant, Western Eudora and Southaven in Mississippi. Offers emergency financial help with rent/mortgage, homelessness, prescriptions, gas money and utility assistance and other emergency needs. Provides emergency food (in the form of groceries from the food pantry or food vouchers for mobile pantry sites); and clothing, household items and furniture assistance in the form of vouchers to the thrift store (495 E Commerce Street in Hernando); and emergency home repair referrals for low income persons in need.
Full Site Address: Hernando Thrift Store - 495 E Commerce Street
   Hernando, MS  38632
Service Description: Programs that acquire food products through donations, canned food drives, food bank programs or direct purchase and distribute the food to people who are in emergency situations. Some pantries deliver food to people whose disabilities or illnesses make it difficult for them to leave home.
Service Eligibility: Low income residents of Hernando, Nesbit, Eudora, Love and Pleasant Hill in Mississippi
Application/Intake Procedure: Call for assistance
Service Hours: Sunday closed | Monday closed | Tuesday closed | Wednesday closed | Thursday closed | Friday closed | Saturday closed


662-429-5789
View Website
Get Directions

Fees: No Fee


Area Served: 38632,38651

Agency Phone: 662-429-5789


Description: The Hernando Social Service Office is one of six SHSM offices which provides assistance on a case by case basis for low income residents of Hernando and Nesbit, plus the surrounding communities of Eudora, Love and Pleasant Hill in Mississippi. Offers emergency financial help with rent/mortgage, homelessness, prescriptions, gas money and utility assistance and other emergency needs. Provides emergency food (in the form of groceries from the food pantry or food vouchers for mobile pantry sites); and clothing, household items and furniture assistance in the form of vouchers to the thrift store (495 E Commerce Street in Hernando) and item requests from our Gift-in-Kind program; and emergency home repair referrals for low income persons in need through the Volunteer Program.
Full Site Address: 499 E Commerce Street
   Hernando, MS  38632
Service Description: Programs that acquire food products through donations, canned food drives, food bank programs or direct purchase and distribute the food to people who are in emergency situations. Some pantries deliver food to people whose disabilities or illnesses make it difficult for them to leave home.
Service Eligibility: Must meet certain income requirements and be a resident of Olive Branch and Byhalia, Lewisburg, Nesbit, Ingrams Mill and immediate surrounding areas.
Application/Intake Procedure: Call for assistance; must provide appropriate ID and other needed documents
Service Hours: Sunday closed | Monday closed | Tuesday closed | Wednesday closed | Thursday closed | Friday closed | Saturday closed


662-893-0255
View Website
Get Directions

Fees: No Fee


Area Served: 38611,38651,38654

Agency Phone: 662-893-0255


Description: Olive Branch, MS social services is one of six SHSM offices which provides assistance on a case by case basis for low income residents of Olive Branch and Byhalia, as well as the surrounding communities of Lewisburg, Nesbit and Ingrams Mill in Mississippi. Offers emergency financial help with rent/mortgage, homelessness, prescriptions, gas money and utility assistance and other emergency needs. Provides emergency food (in the form of groceries from the food pantry or food vouchers for mobile pantry sites); and clothing, household items and furniture assistance in the form of vouchers to the thrift store (495 E Commerce Street in Hernando) and item requests from our Gift-in-Kind program; and emergency home repair referrals for low income persons in need through the Volunteer Program.
Full Site Address: 9607 Highway 178
   Olive Branch, MS  38654
Service Description: Programs that acquire food products through donations, canned food drives, food bank programs or direct purchase and distribute the food to people who are in emergency situations. Some pantries deliver food to people whose disabilities or illnesses make it difficult for them to leave home.
Service Eligibility: Tate County, MS residents who meet income eligibility requirements
Application/Intake Procedure: Call for appointment
Service Hours: Sunday closed | Monday closed | Tuesday closed | Wednesday closed | Thursday closed | Friday closed | Saturday closed


662-560-1991
View Website
Get Directions

Fees: No Fee


Area Served: 38602,38618,38638,38668

Agency Phone: 662-560-1991


Description: Senatobia, MS social services is one of six SHSM offices which provides assistance on a case by case basis for low income residents of Tate County only in Mississippi. Offers emergency financial help with rent/mortgage, homelessness, prescriptions, gas money and utility assistance and other emergency needs. Provides emergency food (in the form of groceries from the food pantry or food vouchers for mobile pantry sites); and clothing, household items and furniture assistance in the form of vouchers to the thrift store (495 E Commerce Street in Hernando); and emergency home repair referrals for low income persons in need.
Full Site Address: 707 Strayhorn Street
   Senatobia, MS  38668
